product_id,product_name,category
P001,Wireless Earbuds,Electronics
P002,Smart Watch,Electronics
P003,Yoga Mat,Fitness
P004,Dumbbells Set,Fitness
P005,Coffee Maker,Home Appliances
P006,Air Purifier,Home Appliances
